{"cameraMode":{"drawMode":0,"name":"Shaded","section":"Shading Mode"},"sceneLighting":true,"audioPlay":false,"sceneViewState":{"m_AlwaysRefresh":false,"showFog":true,"showSkybox":true,"showFlares":true,"showImageEffects":true,"showParticleSystems":true,"showVisualEffectGraphs":true,"m_FxEnabled":true},"in2DMode":false,"pivot":{"x":-0.12273922562599182,"y":1.119241714477539,"z":0.5600377917289734},"rotation":{"x":0.5602321624755859,"y":-0.0804581269621849,"z":0.05479641258716583,"w":0.8225951194763184},"size":1.1660254001617432,"orthographic":false}